customer_id,delivery_delay_minutes
31813,7.5
61020,5.333333333333333
119099,7.75
188838,5.0
191616,14.5
211163,4.0
243838,-1.0
376144,-1.8
408590,10.0
469006,-2.3333333333333335
625395,0.75
644189,26.0
666589,5.0
701493,10.666666666666666
767523,9.0
773410,1.0
820740,8.333333333333334
899941,5.5
949062,4.0
954629,6.0
966247,1.0
1108176,11.0
1152215,5.0
1174162,-1.6666666666666667
1200365,4.5
1301661,22.0
1342184,22.0
1449273,3.0
1469696,-2.5
1497747,-2.0
1507408,5.666666666666667
1529180,8.0
1562083,1.0
1588560,12.0
1601161,1.4
1603358,2.6666666666666665
1655637,2.0
1683786,-3.5
1697604,12.0
1705969,6.5
1719710,-2.5
1771249,4.0
1816969,8.5
1855421,1.0
1989720,1.5
2058037,2.75
2134827,5.0
2136830,12.0
2164524,10.75
2188994,-5.0
2219590,5.5
2233446,1.0
2361575,13.0
2365348,28.0
2391900,-4.0
2400009,0.3333333333333333
2414265,1.0
2442235,-1.5
2457734,0.0
2517955,1.0
2558646,1.0
2566268,3.8
2584499,6.0
2667357,-3.0
2684440,3.2
2848415,10.0
2875442,-4.0
2903620,16.0
2928026,6.0
3002538,10.5
3096845,11.0
3100301,0.0
3282647,7.5
3292927,2.3333333333333335
3399251,22.0
3408982,4.0
3410758,-1.0
3421258,1.0
3468355,6.0
3483295,12.0
3588443,4.0
3638834,-4.5
3660263,2.0
3730316,4.666666666666667
3786105,4.0
3844290,6.0
3872421,5.0
3875480,4.0
3893903,14.0
3897936,-0.6
3999964,7.0
4055790,-3.0
4057678,5.0
4192351,11.0
4200802,-3.0
4356173,1.0
4378755,-1.6666666666666667
4386273,1.3333333333333333
4394659,-2.0
4439806,3.6666666666666665
4444673,-3.0
4458329,4.0
4543215,4.0
4594944,4.0
4597433,5.333333333333333
4606533,0.0
4758426,2.5
4789829,8.5
4862761,-4.0
4940671,-2.0
4988545,4.0
5001749,-3.5
5039883,5.0
5043760,8.5
5135207,7.0
5140660,2.0
5226128,1.0
5228136,9.666666666666666
5238055,4.0
5277675,14.5
5386246,3.6666666666666665
5418547,2.0
5540556,7.5
5607734,5.0
5700842,21.0
5712468,7.0
5716817,5.0
5751638,11.0
5754255,0.0
5763963,2.6
5901440,4.0
5961261,8.5
6025470,-1.0
6061349,17.333333333333332
6081270,2.0
6150721,6.0
6184558,-3.0
6186471,5.0
6245778,14.0
6247821,2.3333333333333335
6291143,-1.5
6319646,-0.6666666666666666
6335221,8.0
6344345,7.666666666666667
6390687,3.0
6398761,-1.0
6459100,3.0
6579892,10.75
6617417,-5.0
6622751,1.0
6637282,-3.5
6668498,-1.5
6724509,9.0
6756256,-0.3333333333333333
6812439,8.0
6853981,23.0
6856445,0.0
6867315,21.5
6959437,3.6666666666666665
6982488,-1.3333333333333333
6992801,26.0
7076456,0.0
7228206,-1.75
7288562,3.6666666666666665
7333934,6.0
7378768,1.0
7522036,-5.0
7551173,0.0
7591711,2.0
7687234,0.0
7728406,7.8
8025622,7.333333333333333
8073518,-5.0
8138417,-1.0
8164639,-1.5
8228843,12.0
8241122,-0.25
8351747,2.0
8361353,-1.0
8375298,0.0
8383197,-4.0
8384106,-2.0
8395343,-2.0
8395610,-2.0
8513589,0.0
8536503,2.0
8628482,6.5
8632679,-4.0
8651281,4.0
8733344,5.0
8791577,7.75
8817168,15.0
8881320,3.0
8886587,8.0
8955057,0.6666666666666666
9048817,-5.0
9097480,4.0
9105829,9.0
9107360,-0.6666666666666666
9195970,-3.0
9246851,2.5
9274874,4.166666666666667
9278983,7.8
9314637,-0.5
9347990,5.5
9401406,-5.0
9419030,4.0
9423628,19.0
9450435,7.0
9551011,0.0
9573071,1.5
9641623,-1.0
9650263,1.0
9738801,3.5
9796585,8.0
9981089,2.5
9987182,-1.25
10019218,0.75
10038382,2.0
10048910,0.8
10088428,5.0
10210309,-2.0
10225164,-2.5
10240052,2.0
10418604,4.666666666666667
10508763,-1.0
10524732,2.0
10541231,0.0
10562528,2.7142857142857144
10605484,-1.0
10608845,2.0
10663246,4.5
10683250,-0.5
10686446,15.0
10694081,16.0
10700664,1.3333333333333333
10729474,3.0
10745302,13.0
10769994,6.5
10789681,3.0
10796846,2.0
10797688,15.0
10830043,4.0
10855630,12.0
10857389,1.25
10945990,4.0
10951674,6.5
11047835,2.25
11063505,0.5
11071601,2.5
11082181,13.0
11143197,1.5
11202130,7.5
11228463,-5.0
11254582,3.3333333333333335
11387110,-1.0
11389698,13.333333333333334
11446157,2.4
11470681,-2.0
11478478,3.3333333333333335
11493300,6.0
11493380,3.75
11503405,1.0
11540364,3.0
11562458,0.5
11616535,5.5
11636968,4.5
11705793,-0.5
11775073,1.0
11928321,8.0
12059049,2.5
12077371,3.0
12088552,-0.5
12090436,-3.0
12141418,6.0
12184293,7.0
12272282,3.4
12277039,4.5
12302179,0.0
12305040,5.333333333333333
12338529,-0.3333333333333333
12402437,5.0
12415659,12.0
12455156,0.3333333333333333
12469338,11.5
12500465,19.5
12507907,1.0
12574626,2.3333333333333335
12622901,13.5
12655794,12.0
12695670,4.5
12755730,19.0
12769552,0.0
12778027,12.5
12799092,4.333333333333333
12814732,10.0
12832151,6.0
12851610,6.8
12867472,0.5
12967305,-0.3333333333333333
12988801,-3.5
13071673,3.5
13122744,5.0
13130974,17.0
13164195,7.5
13189939,-2.0
13197985,0.0
13251137,4.4
13265605,-1.0
13284996,1.0
13383642,7.0
13415362,-2.0
13424885,1.0
13455530,5.333333333333333
13461704,12.0
13462905,2.0
13465850,8.0
13492411,3.5
13494314,3.5
13567338,-4.0
13581527,9.333333333333334
13585482,-0.3333333333333333
13604883,3.0
13651980,8.0
13760839,8.6
13796199,4.666666666666667
13871547,0.5
13963450,7.0
14006996,6.5
14161586,22.0
14207332,1.5
14255231,-3.5
14272050,-2.5
14275043,4.0
14294171,-4.0
14330483,5.5
14367270,-1.0
14428954,23.0
14458150,5.0
14472401,-0.25
14479168,4.0
14632090,1.6666666666666667
14693393,-2.0
14705462,1.0
14839726,3.0
14940427,9.666666666666666
14944819,8.0
14974554,-2.5
14991661,-0.5
15043066,-1.0
15066187,7.666666666666667
15144290,-0.3333333333333333
15345667,25.0
15391556,-5.0
15417130,2.0
15484407,2.3333333333333335
15487049,3.5
15529446,8.0
15534747,5.5
15568831,4.0
15599514,9.0
15631726,9.333333333333334
15661674,-4.0
15661901,5.0
15733078,-4.0
15796277,15.0
15808945,9.75
15830066,2.75
15897933,0.0
15931134,11.5
16082651,5.0
16230299,16.0
16256136,12.0
16341776,3.0
16359370,3.0
16376189,0.0
16379942,4.75
16400639,6.5
16410155,4.666666666666667
16420489,3.2
16424635,3.0
16436359,9.0
16448993,20.0
16484167,3.0
16485871,15.0
16543242,0.6
16561710,-3.0
16617201,4.0
16640907,21.0
16780752,0.0
16785724,-0.6666666666666666
17106161,-1.0
17132416,-4.0
17159117,-1.0
17201639,-4.0
17287733,4.5
17341194,-0.5
17390673,2.0
17392512,0.0
17521263,-3.0
17597449,1.8
17675915,3.0
17681645,23.0
17696094,2.0
17749347,8.5
17805991,4.625
17843667,2.0
17929886,3.0
17939362,0.0
18035010,5.5
18082040,10.0
18113428,4.5
18140588,-1.0
18170800,5.0
18199057,14.5
18229949,-3.0
18256339,5.666666666666667
18259715,2.25
18326028,1.0
18394558,-1.5
18465047,6.25
18567760,-0.3333333333333333
18642306,-0.6666666666666666
18791381,6.0
18889370,5.5
18935489,5.333333333333333
18940384,12.0
18986315,-4.0
19067680,2.6666666666666665
19080489,2.0
19091057,2.0
19145354,-5.0
19179897,3.0
19180962,5.4
19182548,8.0
19216141,10.25
19259955,3.25
19275474,14.0
19375332,5.0
19393135,2.0
19400174,2.0
19425804,1.5
19482392,8.25
19523014,14.0
19523856,-4.0
19556566,-0.5
19581959,10.0
19682060,19.666666666666668
19705695,3.0
19741509,1.25
19771128,0.0
20122449,21.0
20148223,2.5
20163931,3.0
20209237,-0.5
20238921,-1.25
20298398,1.0
20310720,3.0
20314691,-4.0
20343501,-3.0
20360447,15.0
20469626,0.0
20496835,2.5
20517871,0.0
20625627,-3.0
20634789,1.6666666666666667
20689141,25.0
20834589,-1.0
20835909,8.0
20940403,13.333333333333334
20951294,3.0
20956158,2.6666666666666665
21201299,-1.75
21270783,-5.0
21282544,1.3333333333333333
21409946,5.0
21425168,2.6666666666666665
21432404,-3.0
21456226,9.0
21461764,11.5
21481338,7.0
21573815,0.4
21577948,2.0
21597477,3.5
21658322,-0.4
21677923,-0.3333333333333333
21697638,1.75
21701991,5.571428571428571
21779155,9.0
21784094,9.0
21786873,1.0
21809858,13.5
21866852,6.0
21948041,14.0
22020776,4.0
22036818,12.0
22047134,1.3333333333333333
22054087,4.0
22076522,8.75
22077605,11.5
22081691,8.0
22112867,1.0
22133362,0.5
22161071,2.0
22210238,2.0
22227829,14.5
22293666,-1.0
22321208,5.0
22358567,14.5
22483684,5.0
22524981,-3.0
22571994,18.0
22613559,-2.0
22694456,6.8
22738465,6.333333333333333
22800586,4.0
22822088,30.0
22846435,14.0
22851478,0.5
22915611,1.6666666666666667
22931642,5.0
22974816,4.0
23081177,4.0
23098216,26.0
23126356,7.666666666666667
23126657,13.0
23286884,-3.0
23348269,4.2
23380116,7.333333333333333
23448955,-1.0
23567263,5.0
23676689,1.3333333333333333
23755474,11.0
23794330,10.666666666666666
23844919,2.0
23961725,5.0
23976957,3.0
23982977,11.5
23984022,0.5
23996221,-3.0
24000329,-4.0
24043135,1.0
24104630,4.0
24137201,7.666666666666667
24144240,0.6
24153726,12.0
24308515,9.333333333333334
24323106,-0.5
24337950,8.666666666666666
24357425,1.5
24456825,3.0
24496983,-1.0
24517523,4.0
24621386,2.75
24633671,1.5
24644542,2.0
24745800,-2.0
24821281,7.75
24845814,13.5
24896263,8.0
24988999,-5.0
25081012,-1.0
25128143,5.428571428571429
25221501,6.0
25287111,9.0
25294147,3.0
25447967,3.0
25526479,-1.0
25585013,2.3333333333333335
25587553,1.0
25595836,0.0
25641500,11.333333333333334
25659794,4.0
25665997,2.0
25706121,3.0
25713335,2.0
25722990,8.5
25770577,-0.6666666666666666
25795941,4.0
25829710,13.25
25850478,3.0
25915909,16.0
25977417,-1.0
26040510,5.666666666666667
26199489,3.5
26227445,9.0
26245432,0.5
26250082,0.0
26285589,0.8571428571428571
26303194,6.25
26364643,-1.0
26412689,5.0
26432512,-1.0
26521850,-3.0
26592009,-5.0
26716400,-1.0
26752630,0.3333333333333333
26805477,3.0
26844216,2.6
26863280,2.5
26903313,5.0
26912171,-2.5
26935187,-2.5
26936578,3.0
27049432,1.0
27304727,-2.0
27304827,6.666666666666667
27336589,7.666666666666667
27381533,3.0
27416314,0.0
27504517,7.0
27513158,12.666666666666666
27604184,5.6
27620326,-2.0
27692428,5.5
27694927,-4.0
27698051,2.5
27709218,7.75
27727819,-2.5
27746432,26.0
27824078,12.0
27878182,16.5
27955158,2.0
27971619,0.0
28111842,-2.0
28173165,25.0
28205701,0.0
28221067,24.0
28277304,6.0
28280172,11.0
28286754,1.0
28289030,-3.0
28350645,5.5
28394354,18.333333333333332
28413467,-2.0
28428852,2.0
28458746,17.5
28499191,10.0
28603182,5.5
28663279,0.4
28876580,-3.0
28991365,4.5
28995786,2.3333333333333335
29095552,3.0
29265216,-5.0
29272253,9.75
29324437,-2.25
29361038,0.0
29415527,2.3333333333333335
29431960,-1.0
29451600,10.75
29525287,11.0
29562072,2.25
29562254,0.25
29584848,10.75
29600229,5.0
29653387,6.666666666666667
29664214,-4.0
29689766,3.25
29858395,30.0
29902416,2.3333333333333335
29941225,-1.0
29973346,2.8
30029998,-3.0
30042971,16.5
30065862,1.3333333333333333
30188374,3.0
30192942,3.0
30265929,3.0
30285217,5.333333333333333
30317733,-3.0
30367559,13.0
30373140,3.0
30447453,9.0
30455484,1.3333333333333333
30468930,-2.0
30643619,3.3333333333333335
30755306,3.0
30788486,1.0
30823988,7.833333333333333
30891209,30.0
30979436,12.0
31000129,5.5
31026200,8.333333333333334
31076002,1.3333333333333333
31084686,2.0
31156674,3.75
31233120,6.5
31324823,1.0
31328762,10.5
31371112,1.0
31384626,-5.0
31389750,10.5
31410886,2.0
31456752,0.6
31527100,-5.0
31537100,0.5
31576845,0.6666666666666666
31582950,5.333333333333333
31619915,2.0
31622158,12.0
31681710,1.0
31718565,8.0
31776996,9.5
31831843,1.0
31846190,12.0
31923338,2.5
31940833,-1.1666666666666667
31978160,-5.0
31981068,14.0
32003512,1.0
32006907,6.0
32019725,1.6666666666666667
32054313,6.0
32203588,5.5
32293017,9.0
32426778,16.0
32500305,17.5
32527479,7.25
32540616,1.0
32564478,-2.0
32585389,1.5
32595806,1.0
32635818,7.5
32656885,-5.0
32797235,-0.25
32809328,-3.5
32830199,3.5
32868927,6.0
32929817,-2.0
32987624,8.75
33034249,-2.0
33280073,-2.0
33295496,-3.0
33331259,-3.25
33370343,3.0
33472376,4.0
33481252,3.5
33544355,24.5
33608451,8.0
33617546,-4.0
33651554,0.5
33658749,16.0
33675108,3.0
33685414,19.0
33706378,12.5
33741801,6.0
33871107,8.333333333333334
33998721,1.0
34074184,12.0
34095555,1.25
34156884,2.5
34237583,9.666666666666666
34281470,13.0
34381941,-2.0
34425723,14.0
34526442,1.0
34526570,4.5
34567918,3.0
34580200,-5.0
34588087,-2.5
34655710,7.666666666666667
34668988,9.75
34697768,10.0
34713143,-5.0
34755436,-2.6666666666666665
34761418,15.0
34768050,2.0
34787383,7.25
34835738,7.333333333333333
34839913,3.6666666666666665
34853377,19.666666666666668
34897081,-1.5
35049420,14.0
35133191,9.0
35144658,-3.0
35156679,0.3333333333333333
35237846,-5.0
35278126,16.0
35302195,11.5
35349582,4.5
35358395,6.0
35402531,5.0
35434373,-0.6666666666666666
35435896,5.0
35455991,0.5
35459748,4.0
35554129,6.0
35690581,6.5
35705377,8.666666666666666
35782051,14.0
35812567,1.0
35826539,1.0
35885052,0.5
35912599,10.0
35988028,4.75
36142455,4.333333333333333
36146306,9.333333333333334
36400756,0.3333333333333333
36428139,1.0
36462363,-2.0
36517334,2.0
36578947,2.5
36587003,10.0
36675827,-1.0
36737539,2.0
36774480,0.0
36833857,1.0
36885115,3.0
36998375,3.5
37054866,1.0
37095171,8.666666666666666
37227953,4.0
37245065,16.5
37288781,-4.0
37309023,4.666666666666667
37362180,1.0
37551429,1.0
37556526,0.25
37633848,-2.0
37691544,15.0
37702698,2.0
37759707,6.333333333333333
37802267,5.0
37904682,-5.0
37915052,-4.0
37926207,-4.0
37947202,1.2
38133873,0.5
38244021,13.0
38327793,1.5
38420886,6.666666666666667
38478423,15.0
38496400,-3.0
38568692,-4.0
38613295,2.0
38613642,2.6666666666666665
38615653,9.5
38671747,8.0
38694209,-4.0
38709137,-5.0
38728779,-1.0
38780509,-3.0
38808614,-0.5
38875754,5.75
38902193,1.0
38902882,2.0
38969732,1.25
39042103,0.0
39093069,13.666666666666666
39140039,-2.5
39150258,5.0
39153585,1.0
39301587,-3.0
39317905,10.0
39418109,2.5
39423691,2.0
39645619,15.0
39674723,9.0
39717448,-1.0
39957741,7.5
39959491,0.0
39976965,1.5
39999278,5.0
40055711,5.0
40085705,-0.5
40117357,0.0
40192266,7.666666666666667
40256341,19.0
40275138,-1.0
40277444,2.6666666666666665
40305293,7.666666666666667
40387944,-1.0
40392019,9.25
40419593,0.0
40434527,7.5
40563029,2.5
40587811,-2.0
40593638,2.0
40626729,15.0
40643232,-3.0
40667183,-3.0
40692378,2.0
40703374,3.0
40727086,7.5
40841791,9.0
40858753,14.5
40871915,12.0
40986000,7.0
41008070,4.333333333333333
41073776,1.0
41146001,10.5
41155125,5.75
41164215,3.75
41168392,-1.5
41181125,2.0
41194825,7.0
41261495,0.5
41395224,1.0
41439103,-1.0
41494517,11.0
41494867,0.5
41612464,2.0
41640262,0.8333333333333334
41647393,1.3333333333333333
41811800,9.5
41874489,6.0
41878908,7.25
41972994,1.0
42012717,7.75
42102289,3.6666666666666665
42208242,1.75
42227189,7.0
42262168,2.6666666666666665
42272393,1.0
42366724,3.0
42432226,0.0
42465414,9.5
42514124,2.0
42589311,8.0
42615134,0.0
42723554,1.4
42781544,6.0
42872865,11.0
42989999,5.666666666666667
43034188,10.5
43052303,4.0
43066953,16.0
43243913,16.0
43256928,1.3333333333333333
43295656,3.5
43307488,6.0
43367112,0.3333333333333333
43377076,-2.0
43431724,-1.0
43459807,4.0
43518622,-2.0
43519553,24.0
43599910,7.0
43784632,8.333333333333334
43799224,21.5
43860025,15.5
43980719,-5.0
43990799,-0.6666666666666666
44030130,-1.3333333333333333
44050697,10.333333333333334
44139071,6.0
44149982,13.0
44174426,15.0
44198187,1.0
44223796,3.75
44269569,7.666666666666667
44409533,8.0
44410149,3.3333333333333335
44477365,8.5
44557943,2.0
44562310,2.6666666666666665
44589829,0.25
44723662,13.0
44776601,10.0
44828791,2.0
44859592,-2.0
44888581,-2.5
44928499,6.0
45028365,4.0
45033270,0.0
45052594,5.666666666666667
45066676,9.333333333333334
45071436,-0.5
45166203,1.25
45314389,4.5
45323391,2.3333333333333335
45383958,-3.0
45477575,2.4
45481936,12.5
45546750,8.0
45586151,-1.0
45659330,0.6666666666666666
45700473,15.0
45700739,2.0
45708879,-0.3333333333333333
45804389,9.0
45868300,-1.6666666666666667
46023497,0.0
46088132,24.0
46185579,0.5
46208150,3.25
46313756,11.333333333333334
46378942,-2.0
46504355,4.4
46515922,15.0
46563355,-3.0
46564935,-3.0
46615831,2.0
46623192,8.166666666666666
46629917,7.0
46675763,-1.5
46682777,-3.0
46684081,23.0
46686696,8.0
46699982,0.75
46717997,1.0
46741896,0.25
46802633,-3.0
46828932,14.0
46836361,4.0
46848302,4.5
46875863,3.5
46876240,3.3333333333333335
46885873,1.0
46989310,7.25
47043878,0.0
47125914,2.0
47206881,4.0
47215976,3.0
47274329,1.25
47295676,5.5
47387512,12.0
47503133,1.6666666666666667
47515046,1.0
47577193,-1.0
47590944,3.0
47618810,5.0
47625855,5.0
47822591,10.0
47939657,1.5
47955004,4.0
47990044,-2.0
48002829,3.5
48033969,4.0
48150243,5.5
48158494,-0.5
48160359,7.5
48167795,-3.0
48228547,2.25
48268435,0.0
48281892,8.5
48284116,-4.0
48358028,2.3333333333333335
48409448,15.5
48418662,4.25
48481702,-3.0
48511124,-5.0
48554440,9.0
48716374,4.5
48730063,5.5
48765625,0.0
48776805,1.6666666666666667
48778633,1.0
48943848,1.0
49050014,4.0
49117070,2.0
49136375,5.75
49147776,0.0
49152878,-0.5
49241309,-1.0
49258916,-2.0
49260858,-4.0
49371494,0.0
49433260,3.4
49449238,9.5
49457685,6.0
49529811,6.25
49617531,0.5
49617892,0.0
49756591,8.0
49769532,3.0
49795571,-1.6666666666666667
49806393,1.25
49833888,-2.0
49869358,13.0
49881540,0.5
49915498,15.0
49970560,2.6666666666666665
49985597,0.5
50015282,0.0
50045027,1.0
50080663,2.3333333333333335
50105174,5.0
50229203,12.5
50392139,5.0
50484778,8.0
50518311,0.0
50527764,5.0
50557979,0.75
50572914,6.5
50630016,2.0
50632192,9.0
50650215,27.0
50652909,-2.0
50680889,-4.0
50760752,-4.0
50781611,10.333333333333334
50899600,2.25
50953418,4.0
50968312,2.3333333333333335
51014003,-3.0
51034600,6.0
51040116,5.0
51048402,-3.0
51119088,7.25
51174875,10.5
51341672,-0.3333333333333333
51387106,12.0
51476157,9.25
51503088,8.666666666666666
51544662,4.5
51547198,1.0
51556553,13.0
51557673,-3.0
51592174,5.333333333333333
51661209,10.2
51669263,3.0
51670882,7.4
51812283,10.0
51833636,17.0
51872499,10.5
51945420,4.0
51994597,-1.5
52001314,0.5
52032226,-0.5
52048413,-4.0
52075070,-1.0
52085702,1.25
52215833,3.5
52279849,2.0
52337289,0.0
52409516,10.0
52417972,5.0
52428250,-2.6666666666666665
52613657,14.0
52672659,2.0
52678787,18.0
52757321,8.25
52770036,2.0
52815265,22.0
52862822,-2.0
52913011,11.5
52915166,3.0
53025962,0.0
53076417,3.5
53100521,-5.0
53292177,2.0
53299455,8.666666666666666
53332493,15.666666666666666
53354003,3.0
53392567,-0.5
53399500,7.0
53538932,15.0
53557741,-1.0
53624677,10.666666666666666
53636086,7.75
53640286,0.0
53782978,-3.0
53815931,4.0
53974737,18.0
54038173,-1.0
54057428,-3.0
54139038,4.666666666666667
54145987,1.0
54216497,-3.0
54222320,2.5
54338574,2.0
54347213,2.0
54375571,23.0
54580166,1.0
54619715,-4.0
54680459,3.0
54730270,12.5
54748429,13.5
54797119,3.3333333333333335
54799731,2.0
54837637,15.0
54877984,3.5
54885705,15.5
54893418,0.5
54923640,-0.16666666666666666
54952806,3.6666666666666665
55007963,2.0
55028958,8.0
55042740,3.0
55056284,1.0
55060796,8.666666666666666
55094848,-3.0
55170753,15.5
55278329,-4.0
55404382,3.0
55425478,5.333333333333333
55472026,10.0
55552600,0.0
55693909,-2.3333333333333335
55733729,1.0
55803572,5.0
55936462,0.0
55971849,17.5
56195475,4.0
56248757,6.0
56250563,2.0
56352626,9.0
56441247,1.5
56457995,5.5
56480776,3.0
56548063,2.3333333333333335
56572297,16.333333333333332
56604077,6.0
56764791,3.0
56780331,2.0
57063557,8.0
57081917,2.0
57102800,9.666666666666666
57207678,0.0
57213543,0.0
57217288,5.0
57291761,1.6666666666666667
57331847,10.0
57340963,5.25
57360162,14.333333333333334
57392064,-0.5
57474553,-3.0
57505804,7.0
57523973,13.333333333333334
57526322,4.0
57537308,-2.6666666666666665
57548210,-5.0
57566548,13.666666666666666
57579640,19.0
57642258,12.666666666666666
57658033,2.5
57662767,8.5
57674875,6.5
57765367,4.0
57770044,15.0
57833505,3.4
57892837,6.333333333333333
57896058,-1.0
57956497,2.0
57967753,-0.3333333333333333
58085779,0.0
58111297,4.666666666666667
58115779,9.5
58152923,11.0
58170168,5.333333333333333
58214883,6.0
58415368,10.0
58505903,-2.0
58513300,2.5
58631874,5.0
58644651,5.333333333333333
58873572,1.0
58929595,11.0
58942207,4.5
58974323,6.5
58979427,8.0
59009727,14.0
59094034,3.25
59095971,7.0
59110513,9.5
59141605,7.0
59197894,15.0
59207798,5.5
59216664,-3.0
59222551,26.0
59240916,-0.5
59252433,-0.25
59323931,-4.0
59329145,-1.5
59345983,14.0
59353207,8.0
59398136,0.5
59427862,11.0
59436131,1.75
59485034,1.5
59517074,22.0
59518795,1.0
59545278,4.666666666666667
59619739,-4.0
59620534,1.75
59643062,3.0
59677346,1.5
59769142,2.0
59815512,0.5
59830126,1.0
59840071,2.0
59890331,4.0
59909004,14.0
59930550,1.0
60049160,-1.5
60062501,14.5
60210778,-4.0
60275891,-4.0
60300263,10.5
60319216,-3.0
60371334,10.0
60379302,-3.0
60385293,13.333333333333334
60399360,-0.5
60446619,4.0
60495351,7.333333333333333
60561655,0.0
60565603,4.0
60591625,-5.0
60620291,12.5
60656482,3.6666666666666665
60698094,4.0
60700850,0.5
60728956,8.0
60732869,14.666666666666666
60757351,9.333333333333334
60834500,7.5
60904312,0.3333333333333333
60967677,5.333333333333333
60974181,5.0
61002154,5.0
61015113,-1.5
61024977,4.0
61121421,6.333333333333333
61182897,5.0
61226563,5.0
61226835,-3.0
61320989,5.25
61406908,4.0
61516967,-3.0
61522288,5.5
61618079,-1.1666666666666667
61753272,9.166666666666666
61763552,9.75
61851054,-1.0
61877649,6.666666666666667
61982521,1.0
62068277,5.333333333333333
62243869,3.0
62323608,5.75
62416456,4.333333333333333
62419778,0.0
62510499,4.5
62526567,6.333333333333333
62526813,3.0
62541176,1.0
62600289,11.25
62629494,7.0
62679120,4.333333333333333
62742797,-5.0
62807542,10.0
62816600,2.0
62828341,-3.0
62868582,2.0
62917794,0.5
62971413,2.0
63025744,13.0
63060947,14.0
63083547,2.5
63092485,-1.0
63184222,1.0
63217390,-3.0
63238941,-0.75
63262519,-1.5
63292875,-5.0
63310076,0.8
63339001,5.0
63349378,13.0
63360864,0.8
63368244,12.5
63376126,-1.0
63402854,2.0
63451391,28.0
63571453,7.333333333333333
63624332,-5.0
63630649,20.0
63793401,8.333333333333334
63802820,10.0
63858550,-2.0
63870636,1.0
63948546,5.666666666666667
63971358,1.3333333333333333
64017365,9.0
64106072,3.0
64141971,-0.4
64151769,2.0
64162093,-0.3333333333333333
64197854,1.0
64298209,1.0
64316806,1.3333333333333333
64403005,14.0
64489709,13.0
64497538,11.75
64535602,1.3333333333333333
64562786,6.5
64722323,3.0
64748953,13.0
64795608,2.0
64823226,15.0
64846124,29.0
64906311,-4.0
64932019,9.0
64940409,17.0
65121696,5.0
65134271,10.0
65221572,-2.0
65294340,8.0
65368179,7.0
65396354,1.0
65406127,5.0
65426878,8.0
65488134,7.6
65514005,4.0
65543312,3.0
65559853,-0.5
65570302,1.6666666666666667
65618148,1.0
65660660,-4.0
65772743,10.0
65782437,5.0
65815155,7.8
65895091,8.666666666666666
65903057,8.0
65963876,6.5
66023110,4.666666666666667
66130660,13.5
66135710,3.6666666666666665
66140659,2.0
66233704,-5.0
66252737,1.0
66269844,-0.5
66310963,1.6
66354642,-0.5
66359719,0.5
66427343,-2.5
66440188,5.0
66485571,-2.6666666666666665
66499992,11.5
66629497,10.0
66655397,-0.8
66710182,1.0
66742602,6.5
66761643,-0.5
66766629,-2.3333333333333335
66768157,3.0
66866026,3.0
66886852,7.0
66932104,1.75
66943324,10.0
67046342,14.0
67092149,7.8
67215939,7.75
67271824,5.0
67277562,-2.0
67302239,-5.0
67310893,4.333333333333333
67340606,-2.3333333333333335
67383024,3.0
67386193,5.4
67465084,7.5
67528368,-5.0
67538982,0.0
67696145,14.0
67701771,0.0
67708491,0.0
67711384,4.5
67729191,6.8
67749649,5.0
67829645,2.0
67896836,-4.0
67908555,9.0
67918495,14.25
67952740,2.75
68016312,0.3333333333333333
68063317,8.5
68159723,4.75
68219091,2.3333333333333335
68307253,9.0
68341636,6.333333333333333
68419593,5.0
68475914,-2.5
68486301,9.0
68661619,4.0
68692574,9.0
68703613,1.6
68714053,1.0
68906393,2.0
68939350,-5.0
68941950,8.0
68965787,3.8
68985290,5.0
69034027,13.0
69088723,3.0
69219122,-2.5
69240186,8.0
69242672,2.5
69276352,0.0
69339331,-4.0
69340015,-0.5
69353754,-5.0
69364309,3.5
69415494,9.5
69416782,7.0
69516494,0.6666666666666666
69632084,25.0
69749541,-5.0
69761993,4.333333333333333
69762479,8.0
69863493,7.8
69908484,1.0
69925688,1.25
70084516,-5.0
70168151,1.0
70170606,9.0
70220141,15.333333333333334
70221073,-1.0
70230254,3.0
70243933,-1.0
70363568,0.5
70372270,3.6666666666666665
70391758,14.0
70420271,-2.0
70459847,1.0
70529459,1.6666666666666667
70543108,14.0
70589930,1.6666666666666667
70608515,0.5
70615775,1.5
70798876,-3.0
70867736,-1.6666666666666667
70965437,-5.0
70966268,-4.0
70976153,6.333333333333333
71176678,11.0
71189232,6.5
71229024,7.0
71235336,2.0
71252391,1.4
71276926,17.0
71321741,-1.5
71411879,-1.0
71607166,12.0
71615827,8.0
71643758,15.0
71694275,11.333333333333334
71755645,1.0
71767248,11.0
71902700,2.25
71905368,20.5
71956734,12.5
72089140,8.0
72132838,-2.5
72164737,-3.0
72263318,13.0
72359843,10.0
72366758,9.0
72415263,5.0
72489544,4.666666666666667
72495274,-4.0
72564495,5.0
72576730,4.0
72605638,2.6666666666666665
72667140,1.0
72675976,-5.0
72702075,-2.0
72797175,-1.0
72857290,7.5
72889295,1.0
72942753,9.0
72946405,6.666666666666667
73061709,24.5
73098723,29.0
73363613,9.25
73377004,-2.75
73392739,0.6666666666666666
73393269,-2.5
73428596,-3.5
73586244,4.0
73639935,14.0
73660582,5.333333333333333
73661993,-2.0
73679086,8.0
73735548,-4.0
73799927,5.75
73807097,21.0
73869823,1.0
73891999,22.0
73933840,6.0
74038361,-0.5
74172010,8.0
74174956,-0.3333333333333333
74179536,5.0
74195536,1.0
74212242,9.666666666666666
74230420,4.0
74231111,-0.5
74313592,1.6666666666666667
74515162,22.0
74548003,30.0
74572121,2.0
74682740,4.25
74694186,2.0
74735607,17.5
74761384,16.0
74762653,8.0
74833221,2.0
74840437,-5.0
75028268,2.0
75038062,1.0
75081265,13.5
75082508,1.6666666666666667
75213636,1.1428571428571428
75244116,5.2
75289676,12.5
75464725,2.0
75467328,27.0
75474920,5.0
75490147,3.0
75510747,5.25
75566105,6.0
75632045,4.0
75640174,-0.5
75674671,0.5
75739462,4.4
75752515,1.5
75828735,11.0
75836905,-1.3333333333333333
75860724,1.5
75892474,-4.0
75913572,-3.6666666666666665
75928073,3.75
75944533,14.0
75984768,1.5
76008165,3.0
76019750,-5.0
76020843,11.5
76202036,7.0
76212152,0.0
76218218,16.5
76327561,3.25
76359458,-0.3333333333333333
76377003,-1.0
76438648,1.0
76441843,0.0
76512976,5.5
76533277,1.5
76604145,9.0
76830090,0.0
76850859,1.25
76857266,17.0
76864442,-4.0
76917159,-0.4
76925460,-4.0
76970363,-2.0
76971644,5.5
76987910,-4.5
77007315,5.25
77015367,2.5
77035814,10.75
77085443,4.0
77086074,11.0
77086539,1.6666666666666667
77128325,-2.5
77161976,1.0
77214094,5.0
77217240,5.0
77220027,3.0
77306672,14.0
77320193,3.0
77345018,1.0
77397957,5.333333333333333
77559557,-3.0
77614510,3.75
77618011,-4.0
77625089,10.0
77661491,-4.0
77673290,0.5
77768189,9.5
77811864,7.75
77862447,5.666666666666667
77869660,5.666666666666667
77921718,-0.5
77961205,3.0
78014505,9.0
78053306,3.0
78157360,9.666666666666666
78158536,5.0
78209683,-2.0
78254569,13.0
78267238,18.5
78394303,5.333333333333333
78412820,14.0
78439088,-4.0
78614729,18.5
78678612,-1.6666666666666667
78725001,0.25
78732957,-1.0
78748184,5.0
78750264,6.0
78806824,13.333333333333334
78841932,19.0
78847070,18.0
78903046,10.5
78961097,7.0
79076101,22.0
79135318,4.0
79169760,10.5
79206969,3.2
79257353,4.0
79298972,7.0
79369660,1.5
79478655,3.25
79591237,-2.0
79592021,7.75
79628054,-1.3333333333333333
79630614,-2.5
79672044,3.3333333333333335
79695653,13.0
79726146,3.0
79742293,7.0
79764458,10.4
79773912,4.0
79789048,-1.0
79895967,2.75
79916464,0.0
79919160,-0.5
79942821,4.0
79960955,11.5
79991320,3.3333333333333335
80269328,5.0
80286283,-1.5
80315623,-4.0
80371626,0.5
80476444,-4.0
80499378,14.0
80517784,4.166666666666667
80571942,3.0
80696046,12.666666666666666
80759416,-4.0
80761521,0.6666666666666666
80796977,2.5
80800079,2.5
80833965,5.5
80850753,1.0
80858127,14.0
80862136,2.75
80875034,0.0
80935110,-1.6666666666666667
80952275,-2.0
80954112,3.0
81046421,13.0
81088747,11.0
81091233,1.5
81102955,-2.0
81136091,1.0
81160474,13.0
81174361,0.0
81183415,3.0
81200164,4.0
81229704,7.0
81337068,0.0
81346291,2.0
81352781,0.0
81373608,2.0
81377917,-2.0
81382213,-3.5
81420960,11.333333333333334
81462774,3.0
81500385,-2.0
81528623,2.5
81533356,4.666666666666667
81541985,5.0
81584486,6.5
81605722,10.666666666666666
81655250,5.0
81757554,2.75
81763298,2.0
81808190,8.5
81822494,1.3333333333333333
81822935,4.0
81906973,2.0
81932548,9.0
81940369,9.5
81994445,4.0
82032191,9.0
82160592,-1.0
82169898,2.6666666666666665
82179338,6.666666666666667
82286725,7.0
82322028,0.0
82359623,5.0
82374625,3.0
82425179,-0.6666666666666666
82529927,7.0
82585664,0.0
82594354,3.25
82700270,6.0
82708090,-1.0
82770142,9.0
82804543,12.5
82854537,3.6666666666666665
82898985,7.0
82900175,0.0
82918668,-2.5
82948843,6.0
82989313,4.333333333333333
83023956,2.5
83034412,-4.0
83039559,8.0
83058329,-2.0
83155219,-5.0
83236183,1.6666666666666667
83262890,15.0
83298567,-1.3333333333333333
83304462,5.5
83304571,1.75
83348353,-3.0
83404008,10.0
83412446,0.6666666666666666
83577942,3.0
83588803,3.0
83597876,0.5
83610315,3.0
83660688,5.5
83701325,0.5
83867512,8.5
83964902,-2.0
84066402,4.8
84119685,12.333333333333334
84161531,6.0
84257716,10.0
84275450,2.0
84361534,4.5
84377964,2.5
84448310,6.0
84456355,14.333333333333334
84468124,1.2
84572019,14.5
84641682,-1.0
84824280,5.333333333333333
84826389,21.0
84848018,3.6666666666666665
84850688,7.0
84862161,0.0
84929351,19.0
84937877,2.5
84953008,2.6
84986716,5.0
84993732,3.0
85006599,11.333333333333334
85016568,4.0
85020453,1.5
85072416,1.5
85074810,11.6
85088479,14.0
85177880,10.0
85198177,1.25
85218071,4.5
85233498,19.0
85340038,9.0
85354059,2.75
85435560,-4.0
85474732,6.0
85476508,4.0
85490177,21.0
85518832,8.2
85519349,5.25
85561151,4.75
85626346,5.0
85658166,4.5
85747175,4.0
85763665,11.333333333333334
85838438,-1.0
85854265,12.0
85869195,12.5
85907588,5.0
86050297,2.0
86067293,4.2
86167288,15.0
86294036,13.0
86444757,1.6666666666666667
86479284,0.5
86483673,-4.0
86487478,7.0
86499778,1.0
86636273,-4.0
86704661,16.5
86715467,6.0
86995126,2.0
87059497,0.0
87107263,8.0
87160527,5.75
87200291,7.333333333333333
87213891,12.0
87220860,9.5
87222820,22.0
87251489,9.333333333333334
87256913,4.0
87266309,16.666666666666668
87266831,4.5
87335844,2.5
87444738,2.0
87450286,7.0
87457446,27.0
87463923,3.25
87641623,-3.5
87669943,0.5
87691707,-2.0
87718744,4.0
87823209,2.5
87889031,8.0
87943214,13.0
87954926,0.5
87984862,-5.0
88045094,6.0
88067569,0.3333333333333333
88111697,2.0
88130777,-1.0
88167544,0.0
88202341,1.0
88203688,1.3333333333333333
88215615,-4.0
88223261,1.0
88252625,-3.5
88312515,21.5
88324928,5.0
88517890,16.5
88520326,-1.0
88532418,-1.0
88553721,7.666666666666667
88684966,3.0
88739922,-2.25
88745052,-2.0
88779806,-2.0
88843865,5.0
88866835,2.5
88923048,0.3333333333333333
88965399,-1.0
89036169,1.3333333333333333
89051578,-3.0
89142848,-1.0
89223620,-4.0
89361574,4.5
89412038,5.0
89418072,8.0
89472859,1.0
89476734,5.0
89523804,6.0
89531595,7.75
89617089,7.666666666666667
89619421,1.0
89669139,11.75
89699655,9.0
89704218,-3.0
89784343,-1.5
89811984,-4.0
89867195,-1.0
89874335,7.0
89886179,2.0
89910157,5.8
89950235,0.0
89968482,13.0
89986926,10.666666666666666
89995124,-5.0
89998489,15.0
90021871,3.25
90038364,1.0
90144978,-4.0
90150193,5.5
90184276,-2.6666666666666665
90246977,0.0
90298394,1.3333333333333333
90299101,-5.0
90346920,7.5
90372221,-2.5
90448312,3.8333333333333335
90586029,6.5
90586443,3.0
90621147,0.3333333333333333
90647204,21.0
90649019,5.2
90665975,4.4
90666073,2.0
90696847,23.0
90743791,8.0
90745023,3.0
90753712,-3.0
90856813,14.0
90882023,4.0
90919603,4.0
91024604,-1.3333333333333333
91072336,22.0
91130614,2.0
91144803,10.0
91196901,4.8
91228580,-2.0
91243571,-2.75
91312072,4.5
91320466,-1.0
91382237,7.666666666666667
91384030,1.0
91408854,2.0
91448742,6.0
91500615,1.3333333333333333
91550885,11.75
91562028,8.0
91566278,0.0
91590001,1.5
91602727,-2.0
91614690,0.0
91768226,-3.0
91789216,-3.0
91791128,0.0
91853589,-4.0
91868185,-3.0
91973128,2.0
92027021,13.0
92038780,-3.0
92091019,1.0
92098757,29.0
92118758,-5.0
92123198,10.5
92209869,18.5
92245432,0.75
92306841,4.25
92356639,3.5
92404798,5.666666666666667
92409489,7.333333333333333
92416428,5.666666666666667
92455970,4.5
92509376,2.0
92583164,3.0
92604392,-1.0
92636025,-1.5
92642745,2.3333333333333335
92843141,2.0
93018527,0.14285714285714285
93122847,5.0
93127511,13.5
93198324,0.6666666666666666
93318833,-1.0
93321933,7.333333333333333
93341057,9.5
93370787,3.3333333333333335
93458307,19.0
93507573,1.75
93563435,1.1666666666666667
93617659,9.333333333333334
93675757,2.75
93699264,7.666666666666667
93723634,4.666666666666667
93730857,-2.0
93735495,-4.0
93826036,7.0
93867669,4.0
93924203,6.166666666666667
93937586,3.0
93938425,5.25
94033330,1.5
94078407,5.0
94137242,8.5
94165062,-5.0
94179692,-4.0
94281220,8.0
94404245,1.0
94430842,1.0
94453274,0.5
94486311,-1.0
94529626,-2.3333333333333335
94552818,3.0
94706375,-3.0
94713625,-2.0
94730288,3.3333333333333335
94854830,4.0
95001589,-2.5
95018817,11.0
95269737,14.0
95309983,15.5
95334407,3.5
95364457,1.25
95371787,18.5
95372766,6.0
95382317,19.0
95428692,0.0
95558510,11.0
95590889,5.0
95594611,2.0
95736310,0.0
95768401,8.0
95858939,-3.0
95873651,5.0
95912198,12.333333333333334
95971469,4.6
96001315,0.5
96009692,-3.0
96042320,-5.0
96109948,10.333333333333334
96149069,6.0
96171594,-1.0
96253172,0.75
96373206,17.0
96461062,26.0
96511007,6.0
96628029,1.5
96629034,6.0
96629258,7.0
96640716,-0.5
96795047,3.6666666666666665
96806748,3.5
96853930,13.666666666666666
96903782,3.25
96989204,5.25
97033691,9.0
97111069,6.0
97111119,7.0
97141762,16.0
97144544,2.0
97150234,6.0
97174235,24.0
97185284,1.0
97191387,-3.0
97259564,17.0
97277696,-3.0
97286925,-1.5
97315135,1.0
97388817,-1.0
97411107,4.333333333333333
97419742,11.0
97466783,-0.6666666666666666
97475543,9.0
97484394,-1.0
97492493,-2.0
97507853,-2.0
97509888,1.0
97557157,7.0
97664747,3.3333333333333335
97678578,5.0
97739583,-3.0
97770901,2.3333333333333335
97825663,3.0
97873848,1.3333333333333333
97928541,29.0
97928781,7.5
98088303,2.8
98144693,11.0
98152679,1.5
98211325,19.5
98218863,2.0
98225598,6.6
98241853,15.0
98246574,-2.6666666666666665
98307019,8.666666666666666
98444183,8.333333333333334
98540377,7.5
98625898,6.5
98687927,12.0
98691989,15.0
98709982,2.0
98858383,6.0
98896871,10.0
98930670,2.0
99156138,10.0
99160348,17.0
99231937,2.6666666666666665
99301505,2.3333333333333335
99361865,1.3333333333333333
99406165,3.5
99412119,13.0
99490786,-3.0
99594960,12.0
99627097,-2.5
99695529,5.333333333333333
99707100,0.3333333333333333
99714944,2.6666666666666665
99729547,0.3333333333333333
99734256,1.3333333333333333
99772709,7.333333333333333
99784559,-1.0
99824171,9.5
99893898,14.25
